Date,HSI
2012-01-04,-150.09961 
2012-01-05,86.09961 
2012-01-06,-220.34961 
2012-01-09,272.66016 
2012-01-10,138.55859 
2012-01-11,147.66016 
2012-01-12,-56.55859 
2012-01-13,109.03906 
2012-01-16,-192.22070 
2012-01-17,615.55078 
2012-01-18,59.16992 
2012-01-19,256.02930 
2012-01-20,167.41992 
2012-01-26,328.77148 
2012-01-27,62.52930 
2012-01-30,-341.25977 
2012-01-31,230.08008 
2012-02-01,-57.12109 
2012-02-02,406.08008 
2012-02-03,17.53125 
2012-02-06,-47.04102 
2012-02-07,-10.75000 
2012-02-08,319.27149 
2012-02-09,-8.45117 
2012-02-10,-226.15039 
2012-02-13,103.54102 
2012-02-14,30.42969 
2012-02-15,447.40039 
2012-02-16,-87.95117 
2012-02-17,214.33984 
2012-02-20,-66.83008 
2012-02-21,53.93164 
2012-02-22,70.55859 
2012-02-23,-168.28906 
2012-02-24,25.86914 
2012-02-27,-189.00000 
2012-02-28,350.87109 
2012-02-29,111.34961 
2012-03-01,-292.11914 
2012-03-02,174.29883 
2012-03-05,-296.94922 
2012-03-06,-459.06055 
2012-03-07,-178.47070 
2012-03-08,272.95117 
2012-03-09,185.26953 
2012-03-12,48.17969 
2012-03-13,205.51953 
2012-03-14,-31.80859 
2012-03-15,45.63867 
2012-03-16,-35.67969 
2012-03-20,-429.60938 
2012-03-21,-31.60938 
2012-03-22,44.92969 
2012-03-23,-232.75977 
2012-03-26,0.05859 
2012-03-27,378.05078 
2012-03-28,-161.49023 
2012-03-29,-276.02930 
2012-03-30,-53.81055 
2012-04-02,-33.32031 
2012-04-03,268.72070 
2012-04-05,-197.98047 
2012-04-10,-236.75977 
2012-04-11,-215.57031 
2012-04-12,186.65039 
2012-04-13,373.71875 
2012-04-16,-90.39844 
2012-04-17,-48.33008 
2012-04-18,218.41992 
2012-04-19,214.27930 
2012-04-20,15.63086 
2012-04-23,-386.25000 
2012-04-24,52.76953 
2012-04-25,-30.87109 
2012-04-26,163.42188 
2012-04-27,-68.26172 
2012-04-30,352.76172 
2012-05-02,214.86914 
2012-05-03,-59.55078 
2012-05-04,-163.52930 
2012-05-07,-549.34961 
2012-05-08,-51.90039 
2012-05-09,-154.10938 
2012-05-10,-103.36133 
2012-05-11,-262.64844 
2012-05-14,-229.59180 
2012-05-15,159.27148 
2012-05-16,-634.48047 
2012-05-17,-58.90039 
2012-05-18,-249.08008 
2012-05-21,-29.52930 
2012-05-22,116.83008 
2012-05-23,-252.96094 
2012-05-24,-119.78906 
2012-05-25,47.00977 
2012-05-28,87.58008 
2012-05-29,254.47070 
2012-05-30,-365.24024 
2012-05-31,-60.70117 
2012-06-01,-71.17969 
2012-06-04,-372.75000 
2012-06-05,73.43945 
2012-06-06,261.50000 
2012-06-07,157.75977 
2012-06-08,-175.94922 
2012-06-11,451.29102 
2012-06-12,-81.07031 
2012-06-13,153.95898 
2012-06-14,-218.11914 
2012-06-15,425.53906 
2012-06-18,193.87109 
2012-06-19,-11.14063 
2012-06-20,102.17969 
2012-06-21,-253.77930 
2012-06-22,-269.93945 
2012-06-25,-97.68164 
2012-06-26,84.39063 
2012-06-27,195.10938 
2012-06-28,-151.67969 
2012-06-29,416.19141 
2012-07-03,294.06836 
2012-07-04,-25.77930 
2012-07-05,99.38086 
2012-07-06,-8.49023 
2012-07-09,-372.55078 
2012-07-10,-31.73047 
2012-07-11,23.50977 
2012-07-12,-394.75977 
2012-07-13,67.52148 
2012-07-16,28.70899 
2012-07-17,333.99023 
2012-07-18,-215.44922 
2012-07-19,319.16992 
2012-07-20,81.75000 
2012-07-23,-587.33008 
2012-07-24,-150.27148 
2012-07-25,-25.86914 
2012-07-26,15.45899 
2012-07-27,382.17188 
2012-07-30,310.43945 
2012-07-31,211.41016 
2012-08-01,23.57031 
2012-08-02,-130.18164 
2012-08-03,-24.01953 
2012-08-06,332.54102 
2012-08-07,73.83008 
2012-08-08,-7.03125 
2012-08-09,203.95117 
2012-08-10,-133.35156 
2012-08-13,-54.75977 
2012-08-14,210.32031 
2012-08-15,-239.39063 
2012-08-16,-89.33984 
2012-08-17,153.12109 
2012-08-20,-11.80078 
2012-08-21,-4.17969 
2012-08-22,-212.31055 
2012-08-23,244.46094 
2012-08-24,-252.21094 
2012-08-27,-81.35938 
2012-08-28,13.13086 
2012-08-29,-23.29102 
2012-08-30,-235.59961 
2012-08-31,-70.33984 
2012-09-03,76.64063 
2012-09-04,-129.30078 
2012-09-05,-284.83984 
2012-09-06,64.23047 
2012-09-07,592.85938 
2012-09-10,25.00977 
2012-09-11,30.71094 
2012-09-12,217.50977 
2012-09-13,-27.75977 
2012-09-14,582.14844 
2012-09-17,28.33008 
2012-09-18,-56.17969 
2012-09-19,239.98047 
2012-09-20,-250.99023 
2012-09-21,144.01953 
2012-09-24,-40.24023 
2012-09-25,3.98047 
2012-09-26,-170.94922 
2012-09-27,234.55859 
2012-09-28,78.09180 
2012-10-03,47.89844 
2012-10-04,19.66992 
2012-10-05,104.43164 
2012-10-08,-187.82031 
2012-10-09,112.71875 
2012-10-10,-17.67969 
2012-10-11,79.45117 
2012-10-12,137.37891 
2012-10-15,11.82031 
2012-10-16,58.82031 
2012-10-17,209.57031 
2012-10-18,102.07031 
2012-10-19,33.04883 
2012-10-22,145.79102 
2012-10-24,66.22852 
2012-10-25,46.45117 
2012-10-26,-264.66016 
2012-10-29,-34.51953 
2012-10-30,-82.47070 
2012-10-31,213.24024 
2012-11-01,180.04883 
2012-11-02,289.46094 
2012-11-05,-104.92969 
2012-11-06,-61.97070 
2012-11-07,155.41992 
2012-11-08,-532.93945 
2012-11-09,-182.52930 
2012-11-12,45.91992 
2012-11-13,-241.65039 
2012-11-14,253.33984 
2012-11-15,-333.06055 
2012-11-16,50.08008 
2012-11-19,103.05078 
2012-11-20,-33.78125 
2012-11-21,296.08008 
2012-11-22,218.83984 
2012-11-23,170.78125 
2012-11-26,-52.16992 
2012-11-27,-17.78125 
2012-11-28,-135.04883 
2012-11-29,213.91016 
2012-11-30,107.50000 
2012-12-03,-262.54102 
2012-12-04,32.12109 
2012-12-05,470.93945 
2012-12-06,-21.09961 
2012-12-07,-58.64063 
2012-12-10,85.55078 
2012-12-11,47.21875 
2012-12-12,179.41016 
2012-12-13,-57.76953 
2012-12-14,160.40039 
2012-12-17,-92.37109 
2012-12-18,-18.87891 
2012-12-19,128.63867 
2012-12-20,36.41016 
2012-12-21,-153.49023 
2012-12-24,34.89063 
2012-12-27,78.59961 
2012-12-28,46.81055 
2012-12-31,-9.66992 
2013-01-02,655.06055 
2013-01-03,86.61914 
2013-01-04,-67.50977 
2013-01-07,-1.33984 
2013-01-08,-218.56055 
2013-01-09,107.28125 
2013-01-10,135.83984 
2013-01-11,-90.24023 
2013-01-14,149.18945 
2013-01-15,-31.75000 
2013-01-16,-24.51953 
2013-01-17,-17.23047 
2013-01-18,262.01953 
2013-01-21,-10.86914 
2013-01-22,68.08008 
2013-01-23,-23.89063 
2013-01-24,-36.19922 
2013-01-25,-18.47070 
2013-01-28,91.45117 
2013-01-29,-16.71094 
2013-01-30,166.89063 
2013-01-31,-92.53125 
2013-02-01,-7.68945 
2013-02-04,-36.83008 
2013-02-05,-536.48047 
2013-02-06,108.40039 
2013-02-07,-79.92969 
2013-02-08,38.16016 
2013-02-14,198.08984 
2013-02-15,31.31055 
2013-02-18,-62.62109 
2013-02-19,-238.02930 
2013-02-20,163.50000 
2013-02-21,-400.74023 
2013-02-22,-124.23047 
2013-02-25,37.64063 
2013-02-26,-300.39063 
2013-02-27,57.32031 
2013-02-28,443.25977 
2013-03-01,-140.04883 
2013-03-04,-342.41016 
2013-03-05,22.68945 
2013-03-06,217.33984 
2013-03-07,-6.40039 
2013-03-08,320.50977 
2013-03-11,-1.12891 
2013-03-12,-200.22070 
2013-03-13,-333.94922 
2013-03-14,62.52930 
2013-03-15,-86.07031 
2013-03-18,-449.75000 
2013-03-19,-41.50000 
2013-03-20,214.58008 
2013-03-21,-30.55859 
2013-03-22,-110.58008 
2013-03-25,135.84961 
2013-03-26,59.92969 
2013-03-27,153.74024 
2013-03-28,-165.18945 
2013-04-02,68.18945 
2013-04-03,-30.33008 
2013-04-05,-610.58984 
2013-04-08,-8.84961 
2013-04-09,152.28906 
2013-04-10,164.22070 
2013-04-11,66.70898 
2013-04-12,-12.21875 
2013-04-15,-316.38086 
2013-04-16,-100.64063 
2013-04-17,-102.35938 
2013-04-18,-57.15039 
2013-04-19,501.05078 
2013-04-22,30.79883 
2013-04-23,-237.75977 
2013-04-24,376.44141 
2013-04-25,218.18945 
2013-04-26,146.47070 
2013-04-29,33.05859 
2013-04-30,156.24024 
2013-05-02,-68.70899 
2013-05-03,21.66016 
2013-05-06,225.12891 
2013-05-07,132.00000 
2013-05-08,197.25977 
2013-05-09,-32.86914 
2013-05-10,109.74023 
2013-05-13,-331.41016 
2013-05-14,-59.53125 
2013-05-15,113.96094 
2013-05-16,38.43945 
2013-05-20,410.34961 
2013-05-21,-126.66016 
2013-05-22,-105.28906 
2013-05-23,-591.40039 
2013-05-24,-51.00977 
2013-05-27,67.38086 
2013-05-28,238.19922 
2013-05-29,-369.32031 
2013-05-30,-70.61914 
2013-05-31,-92.15039 
2013-06-03,-109.97070 
2013-06-04,3.33008 
2013-06-05,-216.27930 
2013-06-06,-230.81055 
2013-06-07,-263.16992 
2013-06-10,39.83008 
2013-06-11,-260.42969 
2013-06-13,-467.62109 
2013-06-14,82.10156 
2013-06-17,256.75977 
2013-06-18,-0.01953 
2013-06-19,-238.99023 
2013-06-20,-604.02148 
2013-06-21,-119.55859 
2013-06-24,-449.33008 
2013-06-25,41.74023 
2013-06-26,482.83008 
2013-06-27,101.52930 
2013-06-28,363.20899 
2013-07-02,-144.63867 
2013-07-03,-511.33984 
2013-07-04,321.35938 
2013-07-05,386.00000 
2013-07-08,-272.48047 
2013-07-09,100.82031 
2013-07-10,221.55078 
2013-07-11,532.92969 
2013-07-12,-160.21094 
2013-07-15,26.03125 
2013-07-16,9.07031 
2013-07-17,59.48828 
2013-07-18,-26.64844 
2013-07-19,17.19922 
2013-07-22,54.08008 
2013-07-23,498.91992 
2013-07-24,53.50977 
2013-07-25,-67.96875 
2013-07-26,67.98828 
2013-07-29,-118.79883 
2013-07-30,103.81055 
2013-07-31,-70.30078 
2013-08-01,205.12891 
2013-08-02,102.18164 
2013-08-05,31.03906 
2013-08-06,-298.31055 
2013-08-07,-334.85938 
2013-08-08,67.04102 
2013-08-09,151.67969 
2013-08-12,463.71875 
2013-08-13,269.85156 
2013-08-14,#VALUE!
2013-08-15,#VALUE!
2013-08-16,-21.43945 
2013-08-19,-54.11133 
2013-08-20,-493.41016 
2013-08-21,-152.55859 
2013-08-22,77.66992 
2013-08-23,-31.89063 
2013-08-26,141.81055 
2013-08-27,-130.55078 
2013-08-28,-350.11914 
2013-08-29,180.12891 
2013-08-30,26.58984 
2013-09-02,443.97070 
2013-09-03,219.24023 
2013-09-04,-68.35938 
2013-09-05,271.75000 
2013-09-06,23.25000 
2013-09-09,129.42969 
2013-09-10,226.00000 
2013-09-11,-39.50977 
2013-09-12,16.58008 
2013-09-13,-38.44141 
2013-09-16,337.13086 
2013-09-17,-71.89063 
2013-09-18,-63.07031 
2013-09-19,385.06055 
2013-09-23,-130.97070 
2013-09-24,-192.50000 
2013-09-25,30.59180 
2013-09-26,-84.60156 
2013-09-27,82.00977 
2013-09-30,-347.17969 
2013-10-02,124.62109 
2013-10-03,229.91992 
2013-10-04,-75.86133 
2013-10-07,-164.58984 
2013-10-08,204.90039 
2013-10-09,-144.87891 
2013-10-10,-82.66992 
2013-10-11,267.01953 
2013-10-15,118.19922 
2013-10-16,-108.18945 
2013-10-17,-133.44922 
2013-10-18,245.21875 
2013-10-21,98.05078 
2013-10-22,-122.16016 
2013-10-23,-316.04102 
2013-10-24,-164.12891 
2013-10-25,-137.48047 
2013-10-28,108.24023 
2013-10-29,39.95899 
2013-10-30,457.48047 
2013-10-31,-97.65039 
2013-11-01,43.41992 
2013-11-04,-60.16992 
2013-11-05,-150.66992 
2013-11-06,-2.00977 
2013-11-07,-155.91016 
2013-11-08,-136.63867 
2013-11-11,325.45898 
2013-11-12,-168.43945 
2013-11-13,-437.58008 
2013-11-14,185.32031 
2013-11-15,383.00000 
2013-11-18,627.91016 
2013-11-19,-2.25000 
2013-11-20,43.04883 
2013-11-21,-120.57031 
2013-11-22,115.99023 
2013-11-25,-11.83008 
2013-11-26,-3.16992 
2013-11-27,125.07031 
2013-11-28,-17.25977 
2013-11-29,92.19922 
2013-12-02,157.26172 
2013-12-03,-128.08008 
2013-12-04,-181.77148 
2013-12-05,-16.12891 
2013-12-06,30.52930 
2013-12-09,68.07031 
2013-12-10,-66.98047 
2013-12-11,-405.94922 
2013-12-12,-120.12109 
2013-12-13,27.84180 
2013-12-16,-131.30078 
2013-12-17,-45.42969 
2013-12-18,74.58984 
2013-12-19,-255.07031 
2013-12-20,-76.57031 
2013-12-23,109.38086 
2013-12-24,257.99023 
2013-12-27,63.68945 
2013-12-30,1.62891 
2013-12-31,61.52148 
2014-01-02,33.66016 
2014-01-03,-522.77148 
2014-01-06,-133.12891 
2014-01-07,28.62891 
2014-01-08,283.81055 
2014-01-09,-209.25977 
2014-01-10,58.91992 
2014-01-13,42.50977 
2014-01-14,-97.48047 
2014-01-15,110.72070 
2014-01-16,84.41016 
2014-01-17,146.93945 
2014-01-20,-204.40039 
2014-01-21,104.16992 
2014-01-22,49.13086 
2014-01-23,-348.34961 
2014-01-24,-283.83984 
2014-01-27,-473.96094 
2014-01-28,-15.45898 
2014-01-29,180.96875 
2014-01-30,-106.18945 
2014-02-04,-637.65039 
2014-02-05,-128.38867 
2014-02-06,153.75000 
2014-02-07,213.71875 
2014-02-10,-57.58984 
2014-02-11,383.72070 
2014-02-12,322.80859 
2014-02-13,-120.25977 
2014-02-14,132.88086 
2014-02-17,237.52930 
2014-02-18,51.78125 
2014-02-19,76.79883 
2014-02-20,-270.43945 
2014-02-21,174.16016 
2014-02-24,-179.67969 
2014-02-25,-71.36133 
2014-02-26,120.24023 
2014-02-27,390.74024 
2014-02-28,8.78125 
2014-03-03,-336.29102 
2014-03-04,156.96094 
2014-03-05,-77.85156 
2014-03-06,123.19141 
2014-03-07,-42.48047 
2014-03-10,-395.56055 
2014-03-11,4.67969 
2014-03-12,-367.66016 
2014-03-13,-145.86914 
2014-03-14,-216.58984 
2014-03-17,-65.54102 
2014-03-18,109.55078 
2014-03-19,-14.81055 
2014-03-20,-386.52930 
2014-03-21,254.53906 
2014-03-24,409.75000 
2014-03-25,-114.12891 
2014-03-26,155.42969 
2014-03-27,-53.30078 
2014-03-28,231.08008 
2014-03-31,85.53125 
2014-04-01,297.47852 
2014-04-02,75.40039 
2014-04-03,41.14063 
2014-04-04,-55.00000 
2014-04-07,-132.92969 
2014-04-08,219.82031 
2014-04-09,246.19922 
2014-04-10,343.79102 
2014-04-11,-183.32031 
2014-04-14,35.16016 
2014-04-15,-367.54102 
2014-04-16,24.75000 
2014-04-17,64.23047 
2014-04-22,-29.56055 
2014-04-23,-221.03906 
2014-04-24,53.16016 
2014-04-25,-339.27148 
2014-04-28,-91.00000 
2014-04-29,321.36133 
2014-04-30,-319.91992 
2014-05-02,126.69922 
2014-05-05,-284.33984 
2014-05-07,-230.07031 
2014-05-08,90.85938 
2014-05-09,25.87109 
2014-05-12,398.61914 
2014-05-13,90.77148 
2014-05-14,230.38867 
2014-05-15,148.08984 
2014-05-16,-17.94922 
2014-05-19,-8.41016 
2014-05-20,130.17969 
2014-05-21,1.83984 
2014-05-22,117.24024 
2014-05-23,12.09961 
2014-05-26,-2.67969 
2014-05-27,-18.87891 
2014-05-28,135.72852 
2014-05-29,-69.88867 
2014-05-30,71.50977 
2014-06-03,209.38867 
2014-06-04,-139.32813 
2014-06-05,-42.05078 
2014-06-06,-158.66016 
2014-06-09,166.47070 
2014-06-10,198.26953 
2014-06-11,-58.45117 
2014-06-12,-82.26953 
2014-06-13,144.15039 
2014-06-16,-18.50000 
2014-06-17,-97.08008 
2014-06-18,-21.86914 
2014-06-19,-13.99023 
2014-06-20,26.33008 
2014-06-23,-389.25000 
2014-06-24,75.83008 
2014-06-25,-13.94141 
2014-06-26,331.13086 
2014-06-27,23.68945 
2014-06-30,-30.79883 
2014-07-02,358.89844 
2014-07-03,-18.17969 
2014-07-04,14.91992 
2014-07-07,-5.43945 
2014-07-08,0.46094 
2014-07-09,-365.31055 
2014-07-10,62.91992 
2014-07-11,-5.54102 
2014-07-14,113.22070 
2014-07-15,113.29102 
2014-07-16,63.31836 
2014-07-17,-2.41016 
2014-07-18,-66.08008 
2014-07-21,-67.64844 
2014-07-22,394.96875 
2014-07-23,189.75977 
2014-07-24,169.63086 
2014-07-25,74.50977 
2014-07-28,212.62109 
2014-07-29,211.89844 
2014-07-30,91.68164 
2014-07-31,24.63867 
2014-08-01,-224.41992 
2014-08-04,67.65039 
2014-08-05,48.17969 
2014-08-06,-64.12891 
2014-08-07,-196.57031 
2014-08-08,-56.15039 
2014-08-11,314.60938 
2014-08-12,43.39063 
2014-08-13,200.92969 
2014-08-14,-88.98047 
2014-08-15,153.58008 
2014-08-18,0.52149 
2014-08-19,167.48828 
2014-08-20,36.81055 
2014-08-21,-165.66016 
2014-08-22,118.13086 
2014-08-25,54.67969 
2014-08-26,-92.41016 
2014-08-27,-155.75000 
2014-08-28,-177.75000 
2014-08-29,1.06055 
2014-09-01,10.02930 
2014-09-02,-3.07031 
2014-09-03,568.92969 
2014-09-04,-20.02930 
2014-09-05,-57.76953 
2014-09-08,-49.70117 
2014-09-10,-485.08984 
2014-09-11,-42.71875 
2014-09-12,-67.32031 
2014-09-15,-238.33008 
2014-09-16,-220.98047 
2014-09-17,240.40039 
2014-09-18,-207.68945 
2014-09-19,137.43945 
2014-09-22,-350.66992 
2014-09-23,-118.41992 
2014-09-24,84.53906 
2014-09-25,-153.47852 
2014-09-26,-89.72070 
2014-09-29,-449.19922 
2014-09-30,-296.23047 
2014-10-03,131.58008 
2014-10-06,250.47852 
2014-10-07,107.48047 
2014-10-08,-159.18945 
2014-10-09,271.19922 
2014-10-10,-445.99023 
2014-10-13,54.84180 
2014-10-14,-95.41016 
2014-10-15,92.08008 
2014-10-16,-239.11133 
2014-10-17,122.27149 
2014-10-20,47.04883 
2014-10-21,18.32031 
2014-10-22,315.39063 
2014-10-23,-70.79102 
2014-10-24,-30.98047 
2014-10-27,-158.96875 
2014-10-28,377.12891 
2014-10-29,299.50977 
2014-10-30,-117.83008 
2014-10-31,296.02148 
2014-11-03,-82.08984 
2014-11-04,-70.31055 
2014-11-05,-150.04102 
2014-11-06,-46.30859 
2014-11-07,-99.07031 
2014-11-10,194.45899 
2014-11-11,63.58008 
2014-11-12,129.90039 
2014-11-13,81.75977 
2014-11-14,67.44141 
2014-11-17,-290.30078 
2014-11-18,-267.91016 
2014-11-19,-155.85938 
2014-11-20,-23.66992 
2014-11-21,87.47852 
2014-11-24,456.02148 
2014-11-25,-49.23047 
2014-11-26,268.07031 
2014-11-27,-107.70117 
2014-11-28,-16.83008 
2014-12-01,-620.00000 
2014-12-02,286.85156 
2014-12-03,-225.68164 
2014-12-04,403.94141 
2014-12-05,170.08008 
2014-12-08,45.02930 
2014-12-09,-561.83984 
2014-12-10,38.68945 
2014-12-11,-211.98047 
2014-12-12,-63.33984 
2014-12-15,-221.34961 
2014-12-16,-357.34961 
2014-12-17,-84.66016 
2014-12-18,246.37109 
2014-12-19,284.41992 
2014-12-22,291.93945 
2014-12-23,-74.88086 
2014-12-24,15.65039 
2014-12-29,423.83984 
2014-12-30,-272.08008 
2014-12-31,103.93945 
2015-01-02,116.26172 
2015-01-05,0.01953 
2015-01-06,-235.91016 
2015-01-07,195.84961 
2015-01-08,154.26953 
2015-01-09,84.41992 
2015-01-12,106.51172 
2015-01-13,189.50977 
2015-01-14,-103.37109 
2015-01-15,238.31055 
2015-01-16,-247.39063 
2015-01-19,-365.02930 
2015-01-20,212.66992 
2015-01-21,401.41992 
2015-01-22,170.05078 
2015-01-23,327.81836 
2015-01-26,59.45117 
2015-01-27,-102.62109 
2015-01-28,54.53125 
2015-01-29,-265.96094 
2015-01-30,-88.79883 
2015-02-02,-22.31055 
2015-02-03,70.03906 
2015-02-04,124.98047 
2015-02-05,85.73047 
2015-02-06,-86.09961 
2015-02-09,-158.39063 
2015-02-10,7.09961 
2015-02-11,-213.08008 
2015-02-12,107.13086 
2015-02-13,260.38867 
2015-02-16,43.99023 
2015-02-17,58.35156 
2015-02-18,47.19922 
2015-02-23,4.67969 
2015-02-24,-86.68945 
2015-02-25,28.20898 
2015-02-26,123.78125 
2015-02-27,-78.77148 
2015-03-02,64.15039 
2015-03-03,-184.66016 
2015-03-04,-237.39844 
2015-03-05,-272.34180 
2015-03-06,-29.03906 
2015-03-09,-40.94922 
2015-03-10,-226.07031 
2015-03-11,-179.00977 
2015-03-12,79.99024 
2015-03-13,25.25000 
2015-03-16,126.33984 
2015-03-17,-48.06055 
2015-03-18,218.58984 
2015-03-19,348.81055 
2015-03-20,-93.65039 
2015-03-23,119.26953 
2015-03-24,-94.91016 
2015-03-25,128.63086 
2015-03-26,-31.15039 
2015-03-27,-10.88086 
2015-03-30,368.91992 
2015-03-31,45.77148 
2015-04-01,181.85938 
2015-04-02,192.89063 
2015-04-08,961.21875 
2015-04-09,707.53125 
2015-04-10,328.00000 
2015-04-13,743.94922 
2015-04-14,-454.84961 
2015-04-15,57.33008 
2015-04-16,120.89063 
2015-04-17,-86.59180 
2015-04-20,-558.18945 
2015-04-21,755.56055 
2015-04-22,83.35938 
2015-04-23,-106.15039 
2015-04-24,233.28125 
2015-04-27,372.60938 
2015-04-28,9.16016 
2015-04-29,-42.41016 
2015-04-30,-267.33984 
2015-05-04,-9.17969 
2015-05-05,-368.28125 
2015-05-06,-114.62891 
2015-05-07,-350.93945 
2015-05-08,287.36914 
2015-05-11,140.85938 
2015-05-12,-311.01953 
2015-05-13,-157.90039 
2015-05-14,37.27148 
2015-05-15,535.72852 
2015-05-18,-231.02930 
2015-05-19,102.28906 
2015-05-20,-108.48828 
2015-05-21,-61.33008 
2015-05-22,469.10938 
2015-05-26,257.02930 
2015-05-27,-168.64844 
2015-05-28,-626.90039 
2015-05-29,-30.12109 
2015-06-01,172.97070 
2015-06-02,-130.43945 
2015-06-03,190.75000 
2015-06-04,-105.58008 
2015-06-05,-291.73047 
2015-06-08,56.11914 
2015-06-09,-326.75977 
2015-06-10,-301.87891 
2015-06-11,220.20898 
2015-06-12,372.68945 
2015-06-15,-418.72852 
2015-06-16,-295.11133 
2015-06-17,187.08984 
2015-06-18,-59.12891 
2015-06-19,65.86914 
2015-06-22,320.32031 
2015-06-23,252.61133 
2015-06-24,71.50977 
2015-06-25,-259.22070 
2015-06-26,-481.88086 
2015-06-29,-696.88867 
2015-06-30,283.04883 
2015-07-02,32.29102 
2015-07-03,-218.21094 
2015-07-06,-827.83008 
2015-07-07,-260.96875 
2015-07-08,-1458.75000 
2015-07-09,876.22852 
2015-07-10,508.49023 
2015-07-13,322.73047 
2015-07-14,-103.09961 
2015-07-15,-65.15039 
2015-07-16,107.01953 
2015-07-17,252.49023 
2015-07-20,-10.45898 
2015-07-21,131.61914 
2015-07-22,-253.81055 
2015-07-23,116.23047 
2015-07-24,-270.33984 
2015-07-27,-776.54883 
2015-07-28,151.97852 
2015-07-29,115.50977 
2015-07-30,-121.46875 
2015-07-31,138.29883 
2015-08-03,-224.85938 
2015-08-04,-5.30078 
2015-08-05,108.04102 
2015-08-06,-138.88086 
2015-08-07,177.19141 
2015-08-10,-31.35156 
2015-08-11,-22.90820 
2015-08-12,-582.19141 
2015-08-13,102.78125 
2015-08-14,-27.77148 
2015-08-17,-176.37891 
2015-08-18,-339.67969 
2015-08-19,-307.12109 
2015-08-20,-410.37891 
2015-08-21,-347.85156 
2015-08-24,-1158.04883 
2015-08-25,153.39063 
2015-08-26,-324.57031 
2015-08-27,758.14844 
2015-08-28,-226.14844 
2015-08-31,58.18945 
2015-09-01,-485.15039 
2015-09-02,-250.49024 
2015-09-04,-94.33008 
2015-09-07,-257.08984 
2015-09-08,675.51953 
2015-09-09,872.27148 
2015-09-10,-568.81055 
2015-09-11,-58.13086 
2015-09-14,57.53125 
2015-09-15,-106.66992 
2015-09-16,511.42969 
2015-09-17,-112.02930 
2015-09-18,66.19922 
2015-09-21,-163.90039 
2015-09-22,39.65039 
2015-09-23,-493.66992 
2015-09-24,-206.92969 
2015-09-25,90.33984 
2015-09-29,-629.72070 
2015-09-30,289.70117 
2015-10-02,659.78906 
2015-10-05,348.41016 
2015-10-06,-22.88086 
2015-10-07,684.14063 
2015-10-08,-160.84961 
2015-10-09,103.89063 
2015-10-12,272.12891 
2015-10-13,-130.46875 
2015-10-14,-160.55078 
2015-10-15,448.25977 
2015-10-16,179.19922 
2015-10-19,8.24023 
2015-10-20,-86.38867 
2015-10-22,-143.85156 
2015-10-23,306.57031 
2015-10-26,-35.68945 
2015-10-27,26.48047 
2015-10-28,-186.16016 
2015-10-29,-136.63086 
2015-10-30,-179.90039 
2015-11-02,-270.00000 
2015-11-03,198.39063 
2015-11-04,485.14063 
2015-11-05,-2.53125 
2015-11-06,-183.70899 
2015-11-09,-140.56055 
2015-11-10,-325.07031 
2015-11-11,-49.52930 
2015-11-12,536.75000 
2015-11-13,-492.77930 
2015-11-16,-385.32031 
2015-11-17,253.42969 
2015-11-18,-75.99023 
2015-11-19,311.96094 
2015-11-20,254.50000 
2015-11-23,-88.82031 
2015-11-24,-78.26953 
2015-11-25,-89.63086 
2015-11-26,-9.06055 
2015-11-27,-420.61914 
2015-11-30,-71.90039 
2015-12-01,384.92969 
2015-12-02,98.33984 
2015-12-03,-62.67969 
2015-12-04,-181.11914 
2015-12-07,-32.66992 
2015-12-08,-298.08984 
2015-12-09,-101.37109 
2015-12-10,-99.15039 
2015-12-11,-240.55859 
2015-12-14,-154.20117 
2015-12-15,-35.48047 
2015-12-16,426.84180 
2015-12-17,170.84961 
2015-12-18,-116.50000 
2015-12-21,36.11914 
2015-12-22,38.33984 
2015-12-23,210.57031 
2015-12-24,97.54102 
2015-12-28,-218.51172 
2015-12-29,80.00000 
2015-12-30,-117.46875 
2015-12-31,32.25000 
2016-01-04,-587.28125 
2016-01-05,-138.39844 
2016-01-06,-207.91016 
2016-01-07,-647.47070 
2016-01-08,120.37109 
2016-01-11,-565.21094 
2016-01-12,-176.74023 
2016-01-13,223.12109 
2016-01-14,-117.47070 
2016-01-15,-296.64063 
2016-01-18,-283.32031 
2016-01-19,398.36133 
2016-01-20,-749.50977 
2016-01-21,-344.15039 
2016-01-22,538.35938 
2016-01-25,259.63086 
2016-01-26,-479.33984 
2016-01-27,191.64844 
2016-01-28,143.38086 
2016-01-29,487.27930 
2016-02-01,-87.60938 
2016-02-02,-148.66016 
2016-02-03,-455.25000 
2016-02-04,191.50000 
2016-02-05,105.08008 
2016-02-11,-742.36914 
2016-02-12,-226.22070 
2016-02-15,598.56055 
2016-02-16,203.93945 
2016-02-17,-197.50977 
2016-02-18,438.50977 
2016-02-19,-77.58008 
2016-02-22,178.58984 
2016-02-23,-49.31055 
2016-02-24,-222.33008 
2016-02-25,-303.69922 
2016-02-26,475.40039 
2016-02-29,-252.22070 
2016-03-01,295.53125 
2016-03-02,596.02930 
2016-03-03,-61.73047 
2016-03-04,234.93945 
2016-03-07,-16.97852 
2016-03-08,-148.14063 
2016-03-09,-15.32031 
2016-03-10,-11.83984 
2016-03-11,215.17969 
2016-03-14,235.74024 
2016-03-15,-146.57031 
2016-03-16,-31.07031 
2016-03-17,246.11133 
2016-03-18,167.82031 
2016-03-21,12.51953 
2016-03-22,-17.40039 
2016-03-23,-51.51953 
2016-03-24,-269.62109 
2016-03-29,20.69141 
2016-03-30,437.08984 
2016-03-31,-26.69141 
2016-04-01,-277.77930 
2016-04-05,-321.91992 
2016-04-06,29.66992 
2016-04-07,59.38086 
2016-04-08,104.34961 
2016-04-11,70.41016 
2016-04-12,63.62891 
2016-04-13,654.27149 
2016-04-14,179.09961 
2016-04-15,-21.33984 
2016-04-18,-154.97070 
2016-04-19,274.71094 
2016-04-20,-199.90039 
2016-04-21,385.93945 
2016-04-22,-155.21094 
2016-04-25,-162.59961 
2016-04-26,102.83008 
2016-04-27,-45.66992 
2016-04-28,26.42969 
2016-04-29,-320.97852 
2016-05-03,-390.11133 
2016-05-04,-151.10938 
2016-05-05,-76.00977 
2016-05-06,-339.95117 
2016-05-09,46.94141 
2016-05-10,85.86914 
2016-05-11,-187.39063 
2016-05-12,-139.82813 
2016-05-13,-196.17188 
2016-05-16,164.66016 
2016-05-17,234.85156 
2016-05-18,-292.39063 
2016-05-19,-132.08008 
2016-05-20,157.86914 
2016-05-23,-43.16992 
2016-05-24,21.40039 
2016-05-25,537.62109 
2016-05-26,29.05859 
2016-05-27,179.66016 
2016-05-30,52.62109 
2016-05-31,185.69922 
2016-06-01,-54.10938 
2016-06-02,98.24023 
2016-06-03,88.01953 
2016-06-06,82.98047 
2016-06-07,298.01953 
2016-06-08,-30.35938 
2016-06-10,-255.24023 
2016-06-13,-529.65039 
2016-06-14,-125.46094 
2016-06-15,79.99023 
2016-06-16,-429.09961 
2016-06-17,131.56055 
2016-06-20,340.21875 
2016-06-21,158.24023 
2016-06-22,126.67969 
2016-06-23,73.22070 
2016-06-24,-609.20899 
2016-06-27,-31.83008 
2016-06-28,-54.83984 
2016-06-29,263.65820 
2016-06-30,358.25000 
2016-07-04,264.83008 
2016-07-05,-308.47852 
2016-07-06,-255.43164 
2016-07-07,211.63086 
2016-07-08,-142.75000 
2016-07-11,316.33008 
2016-07-12,344.24023 
2016-07-13,97.62891 
2016-07-14,238.69141 
2016-07-15,98.18945 
2016-07-18,143.92969 
2016-07-19,-129.98047 
2016-07-20,209.28125 
2016-07-21,118.00977 
2016-07-22,-36.22070 
2016-07-25,29.16992 
2016-07-26,136.29102 
2016-07-27,89.25977 
2016-07-28,-44.65039 
2016-07-29,-282.97070 
2016-08-01,237.77148 
2016-08-02,#VALUE!
2016-08-03,#VALUE!
2016-08-04,93.11133 
2016-08-05,313.85938 
2016-08-08,348.66992 
2016-08-09,-29.15039 
2016-08-10,26.82031 
2016-08-11,88.12109 
2016-08-12,186.35938 
2016-08-15,165.59961 
2016-08-16,-21.66992 
2016-08-17,-111.06055 
2016-08-18,223.38086 
2016-08-19,-85.93945 
2016-08-22,60.68945 
2016-08-23,1.01953 
2016-08-24,-178.15039 
2016-08-25,-5.83008 
2016-08-26,94.58984 
2016-08-29,-88.19922 
2016-08-30,194.76953 
2016-08-31,-39.22852 
2016-09-01,185.45899 
2016-09-02,104.35938 
2016-09-05,382.85156 
2016-09-06,138.12891 
2016-09-07,-45.86914 
2016-09-08,177.52930 
2016-09-09,180.35938 
2016-09-12,-809.09961 
2016-09-13,-74.83984 
2016-09-14,-25.11914 
2016-09-15,144.94922 
2016-09-19,214.85938 
2016-09-20,-19.58984 
2016-09-21,139.04102 
2016-09-22,89.90039 
2016-09-23,-73.32031 
2016-09-26,-368.56055 
2016-09-27,253.98047 
2016-09-28,47.75000 
2016-09-29,119.82031 
2016-09-30,-442.32031 
2016-10-03,287.27930 
2016-10-04,105.00977 
2016-10-05,98.87109 
2016-10-06,164.18945 
2016-10-07,-100.67969 
2016-10-11,-302.30078 
2016-10-12,-142.46875 
2016-10-13,-375.75000 
2016-10-14,202.00977 
2016-10-17,-195.77148 
2016-10-18,356.85156 
2016-10-19,-89.41992 
2016-10-20,69.42969 
2016-10-21,#VALUE!
2016-10-24,#VALUE!
2016-10-25,-38.97070 
2016-10-26,-239.67969 
2016-10-27,-193.08008 
2016-10-28,-177.53906 
2016-10-31,-20.27148 
2016-11-01,212.53125 
2016-11-02,-336.57031 
2016-11-03,-126.99023 
2016-11-04,-40.89063 
2016-11-07,158.78125 
2016-11-08,108.07031 
2016-11-09,-494.28125 
2016-11-10,423.91992 
2016-11-11,-308.01953 
2016-11-14,-308.86914 
2016-11-15,101.68945 
2016-11-16,-43.38086 
2016-11-17,-17.64844 
2016-11-18,81.33008 
2016-11-21,13.56836 
2016-11-22,320.29102 
2016-11-23,-1.38086 
2016-11-24,-68.19922 
2016-11-25,114.95899 
2016-11-28,107.12109 
2016-11-29,-93.50000 
2016-11-30,52.69922 
2016-12-01,88.46094 
2016-12-02,-313.41016 
2016-12-05,-59.26953 
2016-12-06,169.59961 
2016-12-07,125.76953 
2016-12-08,60.91992 
2016-12-09,-100.85938 
2016-12-12,-327.96094 
2016-12-13,13.67969 
2016-12-14,9.91992 
2016-12-15,-397.21875 
2016-12-16,-38.65039 
2016-12-19,-188.07031 
2016-12-20,-103.61914 
2016-12-21,80.74023 
2016-12-22,-173.60156 
2016-12-23,-61.43945 
2016-12-28,179.98047 
2016-12-29,36.16992 
2016-12-30,209.65039 
2017-01-03,149.83984 
2017-01-04,-15.92969 
2017-01-05,322.21875 
2017-01-06,46.32031 
2017-01-09,55.67969 
2017-01-10,186.16016 
2017-01-11,190.50000 
2017-01-12,-106.33008 
2017-01-13,108.36133 
2017-01-16,-219.23047 
2017-01-17,122.82031 
2017-01-18,257.28906 
2017-01-19,-48.29883 
2017-01-20,-164.05078 
2017-01-23,12.60938 
2017-01-24,51.33984 
2017-01-25,99.25977 
2017-01-26,325.05078 
2017-01-27,-13.39063 
2017-02-01,-42.38867 
2017-02-02,-133.87109 
2017-02-03,-55.30859 
2017-02-06,219.02930 
2017-02-07,-16.66992 
2017-02-08,153.56055 
2017-02-09,40.00977 
2017-02-10,49.83984 
2017-02-13,136.00000 
2017-02-14,-7.97070 
2017-02-15,291.85938 
2017-02-16,112.83008 
2017-02-17,-73.95899 
2017-02-20,112.33984 
2017-02-21,-182.44922 
2017-02-22,238.33008 
2017-02-23,-87.10156 
2017-02-24,-149.16016 
2017-02-27,-40.64844 
2017-02-28,-184.32031 
2017-03-01,35.75977 
2017-03-02,-48.41992 
2017-03-03,-175.34961 
2017-03-06,43.55859 
2017-03-07,84.79102 
2017-03-08,101.19922 
2017-03-09,-280.70898 
2017-03-10,67.10938 
2017-03-13,261.00000 
2017-03-14,-1.72070 
2017-03-15,-35.09961 
2017-03-16,495.42969 
2017-03-17,21.65039 
2017-03-20,192.06055 
2017-03-21,91.12891 
2017-03-22,-272.70899 
2017-03-23,7.28906 
2017-03-24,30.57031 
2017-03-27,-164.57031 
2017-03-28,152.16992 
2017-03-29,46.18164 
2017-03-30,-90.96094 
2017-03-31,-189.50000 
2017-04-03,149.89063 
2017-04-05,139.32031 
2017-04-06,-127.08008 
2017-04-07,-6.41992 
2017-04-10,-5.12109 
2017-04-11,-173.71875 
2017-04-12,225.03906 
2017-04-13,-51.83984 
2017-04-18,-337.12109 
2017-04-19,-98.65820 
2017-04-20,231.09961 
2017-04-21,-14.96094 
2017-04-24,97.46094 
2017-04-25,316.45898 
2017-04-26,122.49024 
2017-04-27,120.05078 
2017-04-28,-83.34961 
2017-05-02,81.00000 
2017-05-04,-12.25000 
2017-05-05,-207.53125 
2017-05-08,101.56055 
2017-05-09,311.11914 
2017-05-10,126.39063 
2017-05-11,110.13086 
2017-05-12,30.78906 
2017-05-15,215.25000 
2017-05-16,-35.65039 
2017-05-17,-42.30859 
2017-05-18,-157.11133 
2017-05-19,38.34961 
2017-05-22,216.47070 
2017-05-23,11.81055 
2017-05-24,25.34961 
2017-05-25,202.27930 
2017-05-26,8.49023 
2017-05-29,62.36133 
2017-05-31,-40.98047 
2017-06-01,148.57031 
2017-06-02,114.83008 
2017-06-05,-61.06055 
2017-06-06,134.15039 
2017-06-07,-22.98047 
2017-06-08,88.90039 
2017-06-09,-32.77148 
2017-06-12,-322.25000 
2017-06-13,144.06055 
2017-06-14,23.80078 
2017-06-15,-310.56055 
2017-06-16,61.15039 
2017-06-19,298.06055 
2017-06-20,-81.51172 
2017-06-21,-148.45899 
2017-06-22,-20.05078 
2017-06-23,-4.47852 
2017-06-26,201.83984 
2017-06-27,-31.90039 
2017-06-28,-156.49023 
2017-06-29,281.91992 
2017-06-30,-200.83984 
2017-07-03,19.58984 
2017-07-04,-395.16016 
2017-07-05,132.96094 
2017-07-06,-56.75000 
2017-07-07,-124.37109 
2017-07-10,159.21094 
2017-07-11,377.58008 
2017-07-12,166.00000 
2017-07-13,302.52930 
2017-07-14,43.06055 
2017-07-17,81.34961 
2017-07-18,54.35938 
2017-07-19,147.22070 
2017-07-20,68.05078 
2017-07-21,-34.12109 
2017-07-24,140.74023 
2017-07-25,5.22070 
2017-07-26,88.96875 
2017-07-27,190.15039 
2017-07-28,-151.77930 
2017-07-31,344.59961 
2017-08-01,216.24024 
2017-08-02,67.15039 
2017-08-03,-76.37109 
2017-08-04,31.66992 
2017-08-07,127.67969 
2017-08-08,164.55078 
2017-08-09,-97.82031 
2017-08-10,-313.08984 
2017-08-11,-560.49023 
2017-08-14,366.72070 
2017-08-15,-75.26953 
2017-08-16,234.10938 
2017-08-17,-64.84961 
2017-08-18,-296.65039 
2017-08-21,107.10938 
2017-08-22,246.99023 
2017-08-23,#VALUE!
2017-08-24,#VALUE!
2017-08-25,329.56055 
2017-08-28,15.12891 
2017-08-29,-98.27930 
2017-08-30,329.59961 
2017-08-31,-124.30859 
2017-09-01,-17.14063 
2017-09-04,-212.90039 
2017-09-05,1.08984 
2017-09-06,-127.58984 
2017-09-07,-90.83984 
2017-09-08,145.55078 
2017-09-11,286.66016 
2017-09-12,17.10938 
2017-09-13,-78.16016 
2017-09-14,-116.88086 
2017-09-15,30.39063 
2017-09-18,352.17969 
2017-09-19,-108.35938 
2017-09-20,76.39063 
2017-09-21,-17.47070 
2017-09-22,-229.80078 
2017-09-25,-380.18945 
2017-09-26,12.66992 
2017-09-27,129.41992 
2017-09-28,-220.83008 
2017-09-29,132.70117 
2017-10-03,618.91016 
2017-10-04,205.96875 
2017-10-06,78.85938 
2017-10-09,-131.44922 
2017-10-10,164.24023 
2017-10-11,-101.25977 
2017-10-12,69.45898 
2017-10-13,17.40039 
2017-10-16,216.37109 
2017-10-17,4.68945 
2017-10-18,14.26953 
2017-10-19,-552.66992 
2017-10-20,328.15039 
2017-10-23,-181.35938 
2017-10-24,-150.91016 
2017-10-25,147.91992 
2017-10-26,-100.50977 
2017-10-27,236.46875 
2017-10-30,-102.66016 
2017-10-31,-90.65039 
2017-11-01,348.52148 
2017-11-02,-75.41992 
2017-11-03,84.96875 
2017-11-06,-6.80859 
2017-11-07,397.53906 
2017-11-08,-86.74024 
2017-11-09,228.97070 
2017-11-10,-15.65039 
2017-11-13,61.25977 
2017-11-14,-30.06055 
2017-11-15,-300.42969 
2017-11-16,167.07031 
2017-11-17,180.27930 
2017-11-20,61.27148 
2017-11-21,557.75977 
2017-11-22,185.41992 
2017-11-23,-295.55078 
2017-11-24,158.38086 
2017-11-27,-180.13086 
2017-11-28,-5.33984 
2017-11-29,-57.01953 
2017-11-30,-446.48047 
2017-12-01,-103.10938 
2017-12-04,64.03906 
2017-12-05,-295.47852 
2017-12-06,-618.00000 
2017-12-07,78.38867 
2017-12-08,336.66016 
2017-12-11,325.43945 
2017-12-12,-171.40820 
2017-12-13,428.21875 
2017-12-14,-55.71875 
2017-12-15,-318.27148 
2017-12-18,202.30078 
2017-12-19,203.25000 
2017-12-20,-19.57031 
2017-12-21,132.97070 
2017-12-22,210.94922 
2017-12-27,19.65039 
2017-12-28,266.05078 
2017-12-29,55.43945 
2018-01-02,596.16016 
2018-01-03,45.63867 
2018-01-04,175.53125 
2018-01-05,78.16016 
2018-01-08,84.88867 
2018-01-09,111.88086 
2018-01-10,62.31055 
2018-01-11,46.66992 
2018-01-12,292.14844 
2018-01-15,-73.66992 
2018-01-16,565.88086 
2018-01-17,78.66016 
2018-01-18,138.52930 
2018-01-19,132.95117 
2018-01-22,138.51953 
2018-01-23,537.28906 
2018-01-24,27.99219 
2018-01-25,-304.24219 
2018-01-26,499.67188 
2018-01-29,-187.23047 
2018-01-30,-359.60156 
2018-01-31,279.98047 
2018-02-01,-245.17969 
2018-02-02,-40.31055 
2018-02-05,-356.55859 
2018-02-06,-1649.80078 
2018-02-07,-272.22070 
2018-02-08,128.07031 
2018-02-09,-943.84961 
2018-02-12,-47.78906 
2018-02-13,379.89844 
2018-02-14,676.07031 
2018-02-15,599.83008 
2018-02-20,-241.79883 
2018-02-21,558.25977 
2018-02-22,-466.21094 
2018-02-23,301.49023 
2018-02-26,231.42969 
2018-02-27,-229.93945 
2018-02-28,-423.93945 
2018-03-01,199.52930 
2018-03-02,-460.80078 
2018-03-05,-697.05859 
2018-03-06,624.33984 
2018-03-07,-313.81055 
2018-03-08,457.59961 
2018-03-09,341.69141 
2018-03-12,598.11914 
2018-03-13,7.11914 
2018-03-14,-166.43945 
2018-03-15,106.08984 
2018-03-16,-39.12891 
2018-03-19,11.78906 
2018-03-20,36.16992 
2018-03-21,-135.41016 
2018-03-22,-343.46875 
2018-03-23,-761.76172 
2018-03-26,239.48047 
2018-03-27,242.06055 
2018-03-28,-768.30078 
2018-03-29,70.85156 
2018-04-03,86.71875 
2018-04-04,-661.41016 
2018-04-06,326.25000 
2018-04-09,384.64063 
2018-04-10,499.16016 
2018-04-11,168.97070 
2018-04-12,-66.43164 
2018-04-13,-22.89844 
2018-04-16,-492.79102 
2018-04-17,-252.83984 
2018-04-18,221.50000 
2018-04-19,424.18945 
2018-04-20,-290.10938 
2018-04-23,-163.92969 
2018-04-24,381.83984 
2018-04-25,-308.08984 
2018-04-26,-320.47070 
2018-04-27,272.99023 
2018-04-30,527.77930 
2018-05-02,-84.56836 
2018-05-03,-410.51172 
2018-05-04,-386.86914 
2018-05-07,67.75977 
2018-05-08,408.55078 
2018-05-09,133.33008 
2018-05-10,273.08008 
2018-05-11,312.83984 
2018-05-14,419.01953 
2018-05-15,-389.05078 
2018-05-16,-41.83008 
2018-05-17,-168.04883 
2018-05-18,105.75977 
2018-05-21,186.43945 
2018-05-23,-568.70898 
2018-05-24,94.76953 
2018-05-25,-172.37109 
2018-05-28,204.22070 
2018-05-29,-307.67969 
2018-05-30,-427.79102 
2018-05-31,411.77148 
2018-06-01,24.34961 
2018-06-04,505.07031 
2018-06-05,95.46875 
2018-06-06,165.65039 
2018-06-07,253.53125 
2018-06-08,-554.41992 
2018-06-11,105.48828 
2018-06-12,39.36133 
2018-06-13,-377.91016 
2018-06-14,-284.98047 
2018-06-15,-130.67969 
2018-06-19,-841.33984 
2018-06-20,228.01953 
2018-06-21,-400.11914 
2018-06-22,42.64844 
2018-06-25,-377.30859 
2018-06-26,-79.99023 
2018-06-27,-525.14063 
2018-06-28,141.06055 
2018-06-29,457.78906 
2018-07-03,-409.53906 
2018-07-04,-303.90039 
2018-07-05,-59.58008 
2018-07-06,133.52930 
2018-07-09,372.88086 
2018-07-10,-6.25000 
2018-07-11,-370.56055 
2018-07-12,169.14063 
2018-07-13,44.60938 
2018-07-16,14.22070 
2018-07-17,-357.98047 
2018-07-18,-64.25977 
2018-07-19,-106.56055 
2018-07-20,213.62109 
2018-07-23,31.63867 
2018-07-24,406.45117 
2018-07-25,258.33008 
2018-07-26,-139.75977 
2018-07-27,23.13867 
2018-07-30,-71.14844 
2018-07-31,-150.12109 
2018-08-01,-242.26953 
2018-08-02,-626.17969 
2018-08-03,-38.24023 
2018-08-06,143.24023 
2018-08-07,429.32031 
2018-08-08,110.25977 
2018-08-09,248.16016 
2018-08-10,-240.68164 
2018-08-13,-430.04883 
2018-08-14,-183.64063 
2018-08-15,-429.33984 
2018-08-16,-223.52930 
2018-08-17,113.34961 
2018-08-20,384.60938 
2018-08-21,154.76953 
2018-08-22,174.79102 
2018-08-23,-137.11914 
2018-08-24,-118.59180 
2018-08-27,599.40039 
2018-08-28,80.34961 
2018-08-29,64.82031 
2018-08-30,-252.38867 
2018-08-31,-275.50000 
2018-09-03,-176.01172 
2018-09-04,260.80078 
2018-09-05,-729.49024 
2018-09-06,-269.02930 
2018-09-07,-1.34961 
2018-09-10,-360.05078 
2018-09-11,-190.86914 
2018-09-12,-77.51172 
2018-09-13,669.45117 
2018-09-14,271.91992 
2018-09-17,-353.56055 
2018-09-18,151.81055 
2018-09-19,322.70899 
2018-09-20,70.30078 
2018-09-21,475.91016 
2018-09-24,-454.18945 
2018-09-26,317.47852 
2018-09-27,-101.19922 
2018-09-28,72.84961 
2018-10-02,-662.13867 
2018-10-03,-35.12109 
2018-10-04,-467.39063 
2018-10-05,-51.29883 
2018-10-08,-370.00000 
2018-10-09,-29.66016 
2018-10-10,20.16016 
2018-10-11,-926.70117 
2018-10-12,535.12109 
2018-10-15,-356.42969 
2018-10-16,17.19922 
2018-10-18,-7.70899 
2018-10-19,106.84961 
2018-10-22,591.75000 
2018-10-23,-806.59961 
2018-10-24,-96.77148 
2018-10-25,-255.31836 
2018-10-26,-276.83008 
2018-10-29,94.40820 
2018-10-30,-226.50977 
2018-10-31,394.16016 
2018-11-01,436.31055 
2018-11-02,1070.34961 
2018-11-05,-551.95898 
2018-11-06,186.57031 
2018-11-07,26.72852 
2018-11-08,80.03125 
2018-11-09,-625.80078 
2018-11-12,31.25977 
2018-11-13,159.68945 
2018-11-14,-138.43945 
2018-11-15,448.91016 
2018-11-16,80.18945 
2018-11-19,188.47070 
2018-11-20,-531.66016 
2018-11-21,131.13086 
2018-11-22,47.93945 
2018-11-23,-91.73047 
2018-11-26,448.50000 
2018-11-27,-44.21875 
2018-11-28,350.59961 
2018-11-29,-231.53125 
2018-11-30,55.72070 
2018-12-03,675.28906 
2018-12-04,78.40039 
2018-12-05,-440.75977 
2018-12-06,-663.29883 
2018-12-07,-92.62109 
2018-12-10,-311.37891 
2018-12-11,19.28906 
2018-12-12,415.04102 
2018-12-13,337.63867 
2018-12-14,-429.56055 
2018-12-17,-6.80859 
2018-12-18,-273.73047 
2018-12-19,51.14063 
2018-12-20,-241.86133 
2018-12-21,129.89063 
2018-12-24,-102.03906 
2018-12-27,-172.50000 
2018-12-28,25.31836 
2018-12-31,341.50000 
2019-01-02,-715.34961 
2019-01-03,-65.99023 
2019-01-04,561.66992 
2019-01-07,209.66992 
2019-01-08,39.75000 
2019-01-09,586.87109 
2019-01-10,59.10938 
2019-01-11,145.83984 
2019-01-14,-368.93945 
2019-01-15,531.95899 
2019-01-16,71.81055 
2019-01-17,-146.46875 
2019-01-18,335.17969 
2019-01-21,105.72852 
2019-01-22,-191.08984 
2019-01-23,2.75000 
2019-01-24,112.78125 
2019-01-25,448.20898 
2019-01-28,7.77149 
2019-01-29,-45.28125 
2019-01-30,111.16992 
2019-01-31,299.62109 
2019-02-01,-11.73047 
2019-02-04,59.47070 
2019-02-08,-43.89063 
2019-02-11,197.51953 
2019-02-12,27.49023 
2019-02-13,326.25977 
2019-02-14,-65.53906 
2019-02-15,-531.21094 
2019-02-18,446.16992 
2019-02-19,-118.87891 
2019-02-20,285.91992 
2019-02-21,115.86914 
2019-02-22,186.38086 
2019-02-25,143.00000 
2019-02-26,-187.24023 
2019-02-27,-14.62109 
2019-02-28,-124.25977 
2019-03-01,178.99023 
2019-03-04,147.41992 
2019-03-05,2.00977 
2019-03-06,76.00000 
2019-03-07,-258.15039 
2019-03-08,-551.02930 
2019-03-11,274.88086 
2019-03-12,417.56836 
2019-03-13,-113.41992 
2019-03-14,43.94141 
2019-03-15,160.86914 
2019-03-18,396.75000 
2019-03-19,57.26953 
2019-03-20,-145.30859 
2019-03-21,-249.41016 
2019-03-22,41.79883 
2019-03-25,-590.00977 
2019-03-26,43.56055 
2019-03-27,161.33984 
2019-03-28,46.96094 
2019-03-29,276.14844 
2019-04-01,510.66016 
2019-04-02,62.65039 
2019-04-03,361.72070 
2019-04-04,-50.07031 
2019-04-08,140.83008 
2019-04-09,80.33984 
2019-04-10,-37.92969 
2019-04-11,-280.11133 
2019-04-12,70.31055 
2019-04-15,-99.03906 
2019-04-16,319.14844 
2019-04-17,-5.18945 
2019-04-18,-161.41992 
2019-04-23,-0.01953 
2019-04-24,-157.41016 
2019-04-25,-256.02930 
2019-04-26,55.20899 
2019-04-29,287.80078 
2019-04-30,-193.70117 
2019-05-02,245.07031 
2019-05-03,137.37109 
2019-05-06,-871.73047 
2019-05-07,153.19922 
2019-05-08,-359.82031 
2019-05-09,-692.12891 
2019-05-10,239.16992 
2019-05-14,-428.22070 
2019-05-15,146.69141 
2019-05-16,6.35938 
2019-05-17,-328.60938 
2019-05-20,-158.85156 
2019-05-21,-130.36914 
2019-05-22,48.69922 
2019-05-23,-438.80859 
2019-05-24,86.79883 
2019-05-27,-65.83984 
2019-05-28,102.72070 
2019-05-29,-155.09961 
2019-05-30,-120.83008 
2019-05-31,-213.79102 
2019-06-03,-7.23047 
2019-06-04,-132.33984 
2019-06-05,133.91992 
2019-06-06,69.83984 
2019-06-10,613.36133 
2019-06-11,210.69922 
2019-06-12,-480.87891 
2019-06-13,-13.75000 
2019-06-14,-176.36133 
2019-06-17,108.81055 
2019-06-18,271.60938 
2019-06-19,703.37109 
2019-06-20,348.28906 
2019-06-21,-76.71875 
2019-06-24,39.28906 
2019-06-25,-327.01953 
2019-06-26,36.00000 
2019-06-27,399.43945 
2019-06-28,-78.80078 
2019-07-02,332.94141 
2019-07-03,-20.41992 
2019-07-04,-59.37109 
2019-07-05,-20.93945 
2019-07-08,-443.14063 
2019-07-09,-215.41016 
2019-07-10,88.41016 
2019-07-11,227.11133 
2019-07-12,39.81836 
2019-07-15,83.26172 
2019-07-16,64.73828 
2019-07-17,-26.44922 
2019-07-18,-131.50977 
2019-07-19,303.74024 
2019-07-22,-394.14063 
2019-07-23,95.22070 
2019-07-24,57.55859 
2019-07-25,70.26172 
2019-07-26,-196.56055 
2019-07-29,-291.33008 
2019-07-30,40.08984 
2019-07-31,-368.75000 
2019-08-01,-212.05078 
2019-08-02,-647.11914 
2019-08-05,-767.25977 
2019-08-06,-175.08008 
2019-08-07,20.78906 
2019-08-08,123.74023 
2019-08-09,-181.46875 
2019-08-12,-114.58008 
2019-08-13,-543.41992 
2019-08-14,20.97852 
2019-08-15,193.18164 
2019-08-16,238.75977 
2019-08-19,557.61914 
2019-08-20,-60.30078 
2019-08-21,38.50000 
2019-08-22,-221.31836 
2019-08-23,130.60938 
2019-08-26,-499.00000 
2019-08-27,-16.25977 
2019-08-28,-48.58984 
2019-08-29,88.01953 
2019-08-30,21.23047 
2019-09-02,-98.17969 
2019-09-03,-98.70117 
2019-09-04,995.38086 
2019-09-05,-7.70117 
2019-09-06,175.23047 
2019-09-09,-9.35938 
2019-09-10,2.27930 
2019-09-11,475.38086 
2019-09-12,-71.42969 
2019-09-13,265.05859 
2019-09-16,-228.13867 
2019-09-17,-334.31055 
2019-09-18,-36.12109 
2019-09-19,-285.16992 
2019-09-20,-33.27930 
2019-09-23,-213.26953 
2019-09-24,58.59961 
2019-09-25,-335.65039 
2019-09-26,96.58008 
2019-09-27,-87.11914 
2019-09-30,137.45898 
2019-10-02,-49.58008 
2019-10-03,67.62109 
2019-10-04,-289.28125 
2019-10-08,72.37109 
2019-10-09,-210.58984 
2019-10-10,25.11914 
2019-10-11,600.50977 
2019-10-14,213.41016 
2019-10-15,-17.91992 
2019-10-16,160.34961 
2019-10-17,184.21094 
2019-10-18,-128.91016 
2019-10-21,6.09961 
2019-10-22,60.51953 
2019-10-23,-219.46875 
2019-10-24,231.21875 
2019-10-25,-130.55859 
2019-10-28,223.86914 
2019-10-29,-104.50000 
2019-10-30,-119.04883 
2019-10-31,239.00977 
2019-11-01,194.03906 
2019-11-04,446.54102 
2019-11-05,136.09961 
2019-11-06,5.24023 
2019-11-07,158.58984 
2019-11-08,-196.08984 
2019-11-11,-724.58984 
2019-11-12,138.72852 
2019-11-13,-493.81836 
2019-11-14,-247.77149 
2019-11-15,2.97070 
2019-11-18,354.42969 
2019-11-19,412.71094 
2019-11-20,-204.19141 
2019-11-21,-422.72852 
2019-11-22,128.19922 
2019-11-25,397.95899 
2019-11-26,-79.11914 
2019-11-27,40.08008 
2019-11-28,-60.26953 
2019-11-29,-547.24024 
2019-12-02,98.23047 
2019-12-03,-53.41992 
2019-12-04,-328.74023 
2019-12-05,154.47852 
2019-12-06,281.33008 
2019-12-09,-3.63867 
2019-12-10,-58.11133 
2019-12-11,208.81055 
2019-12-12,348.71094 
2019-12-13,693.61914 
2019-12-16,-179.66992 
2019-12-17,335.62109 
2019-12-18,40.50000 
2019-12-19,-83.72070 
2019-12-20,70.85938 
2019-12-23,35.06055 
2019-12-24,-42.19922 
2019-12-27,361.20898 
2019-12-30,93.97070 
2019-12-31,-129.64063 
2020-01-02,353.76953 
2020-01-03,-92.01953 
2020-01-06,-225.31055 
2020-01-07,95.87109 
2020-01-08,-234.14063 
2020-01-09,473.08008 
2020-01-10,77.19922 
2020-01-13,316.74023 
2020-01-14,-69.79883 
2020-01-15,-111.55078 
2020-01-16,109.44922 
2020-01-17,173.38086 
2020-01-20,-260.50977 
2020-01-21,-810.58008 
2020-01-22,355.70899 
2020-01-23,-431.91992 
2020-01-24,40.52148 
2020-01-29,-789.00977 
2020-01-30,-711.50000 
2020-01-31,-136.50000 
2020-02-03,44.34961 
2020-02-04,319.00000 
2020-02-05,110.75977 
2020-02-06,706.95899 
2020-02-07,-89.42969 
2020-02-10,-162.92969 
2020-02-11,342.54102 
2020-02-12,239.77930 
2020-02-13,-93.66016 
2020-02-14,85.59961 
2020-02-17,144.00000 
2020-02-18,-429.40039 
2020-02-19,125.61133 
2020-02-20,-46.65039 
2020-02-21,-300.34961 
2020-02-24,-487.92969 
2020-02-25,72.34961 
2020-02-26,-196.74024 
2020-02-27,82.12891 
2020-02-28,-648.68945 
2020-03-02,161.75000 
2020-03-03,-6.85938 
2020-03-04,-62.75000 
2020-03-05,545.79883 
2020-03-06,-621.19922 
2020-03-09,-1106.20898 
2020-03-10,352.04883 
2020-03-11,-160.90039 
2020-03-12,-922.53906 
2020-03-13,-276.16016 
2020-03-16,-969.33984 
2020-03-17,200.16016 
2020-03-18,-971.91016 
2020-03-19,-582.68945 
2020-03-20,1095.93945 
2020-03-23,-1108.93945 
2020-03-24,967.35938 
2020-03-25,863.69922 
2020-03-26,-174.84961 
2020-03-27,131.93945 
2020-03-30,-309.16992 
2020-03-31,428.37109 
2020-04-01,-517.69141 
2020-04-02,194.27148 
2020-04-03,-43.95117 
2020-04-06,513.00977 
2020-04-07,504.16992 
2020-04-08,-282.91992 
2020-04-09,329.96094 
2020-04-14,135.07031 
2020-04-15,-290.06055 
2020-04-16,-138.89063 
2020-04-17,373.55078 
2020-04-20,-49.98047 
2020-04-21,-536.46875 
2020-04-22,99.80859 
2020-04-23,83.96094 
2020-04-24,-145.99024 
2020-04-27,448.81055 
2020-04-28,295.82031 
2020-04-29,67.62891 
2020-05-04,-1029.78906 
2020-05-05,254.85938 
2020-05-06,268.82031 
2020-05-07,-156.84961 
2020-05-08,249.53906 
2020-05-11,371.89063 
2020-05-12,-356.38086 
2020-05-13,-65.37891 
2020-05-14,-350.56055 
2020-05-15,-32.26953 
2020-05-18,137.29883 
2020-05-19,453.36133 
2020-05-20,11.81836 
2020-05-21,-119.91992 
2020-05-22,-1349.88867 
2020-05-25,22.09961 
2020-05-26,432.41992 
2020-05-27,-83.30078 
2020-05-28,-168.59961 
2020-05-29,-171.28906 
2020-06-01,771.04883 
2020-06-02,263.41992 
2020-06-03,329.67969 
2020-06-04,40.68164 
2020-06-05,404.10938 
2020-06-08,6.35938 
2020-06-09,280.45117 
2020-06-10,-7.49023 
2020-06-11,-569.58008 
2020-06-12,-178.76953 
2020-06-15,-524.43164 
2020-06-16,567.14063 
2020-06-17,137.32031 
2020-06-18,-16.47070 
2020-06-19,178.95117 
2020-06-22,-132.55078 
2020-06-23,396.00000 
2020-06-24,-125.75977 
2020-06-26,-231.58984 
2020-06-29,-248.71094 
2020-06-30,125.91016 
2020-07-02,697.00000 
2020-07-03,248.92969 
2020-07-06,966.04102 
2020-07-07,-363.50000 
2020-07-08,153.51953 
2020-07-09,80.98047 
2020-07-10,-482.75000 
2020-07-13,44.70899 
2020-07-14,-294.22852 
2020-07-15,3.68945 
2020-07-16,-510.89063 
2020-07-17,118.48047 
2020-07-20,-31.17969 
2020-07-21,577.66992 
2020-07-22,-577.72070 
2020-07-23,205.06055 
2020-07-24,-557.66992 
2020-07-27,-102.07031 
2020-07-28,169.50000 
2020-07-29,110.38086 
2020-07-30,-172.55078 
2020-07-31,-115.24024 
2020-08-03,-137.21875 
2020-08-04,488.50000 
2020-08-05,155.90820 
2020-08-06,-171.95899 
2020-08-07,-398.96094 
2020-08-10,-154.18945 
2020-08-11,513.25000 
2020-08-12,353.33984 
2020-08-13,-13.34961 
2020-08-14,-47.66016 
2020-08-17,164.33008 
2020-08-18,20.04102 
2020-08-19,-188.47070 
2020-08-20,-387.51953 
2020-08-21,322.44922 
2020-08-24,437.74023 
2020-08-25,-65.35938 
2020-08-26,5.56836 
2020-08-27,-210.63867 
2020-08-28,140.91016 
2020-08-31,-245.00977 
2020-09-01,7.79883 
2020-09-02,-64.75977 
2020-09-03,-112.49024 
2020-09-04,-312.15039 
2020-09-07,-105.79883 
2020-09-08,34.68945 
2020-09-09,-155.41016 
2020-09-10,-155.39063 
2020-09-11,189.77148 
2020-09-14,136.96875 
2020-09-15,92.48047 
2020-09-16,-7.12891 
2020-09-17,-384.78125 
2020-09-18,114.56055 
2020-09-21,-504.72070 
2020-09-22,-233.83984 
2020-09-23,25.66016 
2020-09-24,-431.43945 
2020-09-25,-75.65039 
2020-09-28,240.63086 
2020-09-29,-200.52148 
2020-09-30,183.52148 
2020-10-05,308.72852 
2020-10-06,212.87109 
2020-10-07,262.20898 
2020-10-08,-49.50977 
2020-10-09,-74.21875 
2020-10-12,530.54883 
2020-10-14,17.41016 
2020-10-15,-508.55078 
2020-10-16,228.25000 
2020-10-19,155.47070 
2020-10-20,27.27930 
2020-10-21,184.88086 
2020-10-22,31.71094 
2020-10-23,132.64844 
2020-10-27,-131.58984 
2020-10-28,-78.38867 
2020-10-29,-122.20117 
2020-10-30,-479.17969 
2020-11-02,352.58984 
2020-11-03,479.72070 
2020-11-04,-53.58984 
2020-11-05,809.77930 
2020-11-06,17.05078 
2020-11-09,303.19922 
2020-11-10,285.31055 
2020-11-11,-74.50000 
2020-11-12,-57.59961 
2020-11-13,-12.52148 
2020-11-16,224.81055 
2020-11-17,33.41992 
2020-11-18,129.19922 
2020-11-19,-187.31836 
2020-11-20,94.56836 
2020-11-23,34.66016 
2020-11-24,102.00000 
2020-11-25,81.55078 
2020-11-26,149.69922 
2020-11-27,75.23047 
2020-11-30,-553.18945 
2020-12-01,226.18945 
2020-12-02,-35.09961 
2020-12-03,195.91992 
2020-12-04,107.41992 
2020-12-07,-329.07031 
2020-12-08,-202.28906 
2020-12-09,198.27930 
2020-12-10,-92.25000 
2020-12-11,95.27930 
2020-12-14,-116.34961 
2020-12-15,-182.23047 
2020-12-16,253.00000 
2020-12-17,218.09180 
2020-12-18,-179.78125 
2020-12-21,-191.91992 
2020-12-22,-187.42969 
2020-12-23,223.84961 
2020-12-24,43.46094 
2020-12-28,-71.92969 
2020-12-29,253.85938 
2020-12-30,578.61914 
2020-12-31,84.02148 
2021-01-04,241.67969 
2021-01-05,177.04883 
2021-01-06,42.44141 
2021-01-07,-143.78125 
2021-01-08,329.70117 
2021-01-11,30.00000 
2021-01-12,368.52930 
2021-01-13,-41.15039 
2021-01-14,261.25977 
2021-01-15,77.00000 
2021-01-18,288.91016 
2021-01-19,779.50977 
2021-01-20,320.19141 
2021-01-21,-34.71094 
2021-01-22,-479.91016 
2021-01-25,711.16016 
2021-01-26,-767.75000 
2021-01-27,-93.73047 
2021-01-28,-746.75977 
2021-01-29,-267.05859 
2021-02-01,609.14844 
2021-02-02,355.83984 
2021-02-03,58.76172 
2021-02-04,-193.96094 
2021-02-05,175.17969 
2021-02-08,30.79102 
2021-02-09,156.71875 
2021-02-10,562.53125 
2021-02-11,134.84961 
2021-02-16,573.08984 
2021-02-17,338.27930 
2021-02-18,-489.66992 
2021-02-19,49.46094 
2021-02-22,-324.90039 
2021-02-23,312.81055 
2021-02-24,-914.40039 
2021-02-25,355.92969 
2021-02-26,-1093.95898 
2021-03-01,472.35938 
2021-03-02,-356.71094 
2021-03-03,784.56055 
2021-03-04,-643.63086 
2021-03-05,-138.50000 
2021-03-08,-557.45899 
2021-03-09,232.40039 
2021-03-10,134.28906 
2021-03-11,478.08984 
2021-03-12,-645.88867 
2021-03-15,94.03906 
2021-03-16,193.92969 
2021-03-17,6.42969 
2021-03-18,371.60156 
2021-03-19,-414.78125 
2021-03-22,-105.59961 
2021-03-23,-387.95899 
2021-03-24,-579.24023 
2021-03-25,-18.53125 
2021-03-26,436.82031 
2021-03-29,1.87109 
2021-03-30,239.19922 
2021-03-31,-199.15039 
2021-04-01,560.39063 
2021-04-07,-263.93945 
2021-04-08,333.26953 
2021-04-09,-309.26953 
2021-04-12,-245.52148 
2021-04-13,43.97070 
2021-04-14,403.58008 
2021-04-15,-107.68945 
2021-04-16,176.57031 
2021-04-19,136.43945 
2021-04-20,29.58008 
2021-04-21,-513.81055 
2021-04-22,133.41992 
2021-04-23,323.41016 
2021-04-26,-125.91992 
2021-04-27,-11.29102 
2021-04-28,129.80078 
2021-04-29,231.91992 
2021-04-30,-578.37891 
2021-05-03,-367.34180 
2021-05-04,199.60156 
2021-05-05,-139.16016 
2021-05-06,219.48047 
2021-05-07,-26.81055 
2021-05-10,-14.99024 
2021-05-11,-581.84961 
2021-05-12,217.22852 
2021-05-13,-512.36914 
2021-05-14,308.90039 
2021-05-17,166.51953 
2021-05-18,399.72070 
2021-05-20,-143.52148 
2021-05-21,8.15039 
2021-05-24,-46.17969 
2021-05-25,498.59961 
2021-05-26,255.15039 
2021-05-27,-52.81055 
2021-05-28,11.21094 
2021-05-31,27.39063 
2021-06-01,316.19922 
2021-06-02,-170.38086 
2021-06-03,-331.58984 
2021-06-04,-47.92969 
2021-06-07,-130.82031 
2021-06-08,-5.89844 
2021-06-09,-38.75000 
2021-06-10,-3.75000 
2021-06-11,103.25000 
2021-06-15,-203.60156 
2021-06-16,-201.68945 
2021-06-17,121.75000 
2021-06-18,242.67969 
2021-06-21,-312.26953 
2021-06-22,-179.24023 
2021-06-23,507.31055 
2021-06-24,65.39063 
2021-06-25,405.75977 
2021-06-28,-19.91992 
2021-06-29,-274.20117 
2021-06-30,-166.15039 
2021-07-02,-517.52930 
2021-07-05,-166.91992 
2021-07-06,-70.64063 
2021-07-07,-112.24023 
2021-07-08,-807.48828 
2021-07-09,191.40820 
2021-07-12,170.70117 
2021-07-13,448.16992 
2021-07-14,-175.94922 
2021-07-15,208.80859 
2021-07-16,8.41016 
2021-07-19,-514.90039 
2021-07-20,-230.52930 
2021-07-21,-34.66992 
2021-07-22,499.25977 
2021-07-23,-401.85938 
2021-07-26,-1129.66016 
2021-07-27,-1105.89063 
2021-07-28,387.45117 
2021-07-29,841.43945 
2021-07-30,-354.29102 
2021-08-02,274.77148 
2021-08-03,-40.98047 
2021-08-04,231.73047 
2021-08-05,-221.86133 
2021-08-06,-25.28906 
2021-08-09,104.00000 
2021-08-10,322.21875 
2021-08-11,54.54102 
2021-08-12,-142.33984 
2021-08-13,-126.20117 
2021-08-16,-210.15820 
2021-08-17,-435.59180 
2021-08-18,121.14063 
2021-08-19,-550.67969 
2021-08-20,-466.60938 
2021-08-23,259.86914 
2021-08-24,618.33008 
2021-08-25,-33.97070 
2021-08-26,-278.25977 
2021-08-27,-7.79883 
2021-08-30,131.64844 
2021-08-31,339.45117 
2021-09-01,149.29883 
2021-09-02,62.14063 
2021-09-03,-188.43945 
2021-09-06,261.64063 
2021-09-07,190.00000 
2021-09-08,-32.70117 
2021-09-09,-604.92969 
2021-09-10,489.91016 
2021-09-13,-392.09961 
2021-09-14,-311.58008 
2021-09-15,-469.01953 
2021-09-16,-365.36133 
2021-09-17,252.91016 
2021-09-20,-821.61914 
2021-09-21,122.39844 
2021-09-23,289.44141 
2021-09-24,-318.82031 
2021-09-27,16.61914 
2021-09-28,291.61133 
2021-09-29,163.10938 
2021-09-30,-87.85938 
2021-10-04,-539.27148 
2021-10-05,67.78125 
2021-10-06,-137.66016 
2021-10-07,735.24024 
2021-10-08,136.11914 
2021-10-11,487.24024 
2021-10-12,-362.50000 
2021-10-15,368.37109 
2021-10-18,78.78906 
2021-10-19,377.46094 
2021-10-20,348.80859 
2021-10-21,-118.49023 
2021-10-22,109.40039 
2021-10-25,5.09961 
2021-10-26,-93.75977 
2021-10-27,-409.52930 
2021-10-28,-73.00977 
2021-10-29,-178.49024 
2021-11-01,-222.91992 
2021-11-02,-54.65039 
2021-11-03,-74.91992 
2021-11-04,200.43945 
2021-11-05,-354.67969 
2021-11-08,-106.74024 
2021-11-09,49.36133 
2021-11-10,183.00977 
2021-11-11,251.84961 
2021-11-12,79.98047 
2021-11-15,62.93945 
2021-11-16,322.86914 
2021-11-17,-63.69922 
2021-11-18,-330.35938 
2021-11-19,-269.75000 
2021-11-22,-98.63086 
2021-11-23,-299.75977 
2021-11-24,33.91992 
2021-11-25,54.66016 
2021-11-26,-659.64063 
2021-11-29,-228.27930 
2021-11-30,-376.98047 
2021-12-01,183.66016 
2021-12-02,130.00977 
2021-12-03,-22.24024 
2021-12-06,-417.30859 
2021-12-07,634.27930 
2021-12-08,13.20899 
2021-12-09,257.99023 
2021-12-10,-259.13867 
2021-12-13,-41.14063 
2021-12-14,-318.63086 
2021-12-15,-215.18945 
2021-12-16,54.74023 
2021-12-17,-282.86914 
2021-12-20,-447.77148 
2021-12-21,226.47070 
2021-12-22,131.00000 
2021-12-23,91.31055 
2021-12-24,30.11914 
2021-12-28,56.80078 
2021-12-29,-194.02148 
2021-12-30,25.47070 
2021-12-31,285.66016 
2022-01-03,-122.91992 
2022-01-04,15.08984 
2022-01-05,-382.58984 
2022-01-06,165.60938 
2022-01-07,420.52148 
2022-01-10,253.15820 
2022-01-11,-7.47852 
2022-01-12,663.10938 
2022-01-13,27.59961 
2022-01-14,-46.44922 
2022-01-17,-165.29102 
2022-01-18,-105.25000 
2022-01-19,15.07031 
2022-01-20,824.50000 
2022-01-21,13.20117 
2022-01-24,-309.08984 
2022-01-25,-412.85156 
2022-01-26,46.29102 
2022-01-27,-482.90039 
2022-01-28,-256.91992 
2022-01-31,252.17969 
2022-02-04,771.02930 
2022-02-07,6.26172 
2022-02-08,-250.06055 
2022-02-09,500.50000 
2022-02-10,94.35938 
2022-02-11,-17.68945 
2022-02-14,-350.08984 
2022-02-15,-200.85938 
2022-02-16,363.18945 
2022-02-17,73.86914 
2022-02-18,-465.05859 
2022-02-21,-157.64063 
2022-02-22,-650.07031 
2022-02-23,140.27930 
2022-02-24,-758.71875 
2022-02-25,-134.38086 
2022-02-28,-54.16016 
2022-03-01,48.69141 
2022-03-02,-417.79102 
2022-03-03,123.41992 
2022-03-04,-562.05078 
2022-03-07,-847.65820 
2022-03-08,-291.76172 
2022-03-09,-138.15820 
2022-03-10,262.54883 
2022-03-11,-336.47070 
2022-03-14,-1022.12891 
2022-03-15,-1116.58008 
2022-03-16,1672.41992 
2022-03-17,1413.73047 
2022-03-18,-88.83008 
2022-03-21,-191.06055 
2022-03-22,667.93945 
2022-03-23,264.80078 
2022-03-24,-208.13086 
2022-03-25,-541.06836 
2022-03-28,280.08984 
2022-03-29,242.66016 
2022-03-30,304.39844 
2022-03-31,-235.17969 
2022-04-01,42.70117 
2022-04-04,462.75977 
2022-04-06,-421.79102 
2022-04-07,-271.53906 
2022-04-08,63.02930 
2022-04-11,-663.70899 
2022-04-12,110.83008 
2022-04-13,55.23828 
2022-04-14,143.71094 
2022-04-19,-490.32031 
2022-04-20,-83.08984 
2022-04-21,-262.44922 
2022-04-22,-43.70117 
2022-04-25,-769.17969 
2022-04-26,65.37109 
2022-04-27,11.64844 
2022-04-28,329.81055 
2022-04-29,813.22070 
2022-05-03,12.50000 
2022-05-04,-232.37109 
2022-05-05,-76.11914 
2022-05-06,-791.43945 
2022-05-10,-368.27149 
2022-05-11,190.88086 
2022-05-12,-444.23047 
2022-05-13,518.42969 
2022-05-16,51.44141 
2022-05-17,652.30859 
2022-05-18,41.75977 
2022-05-19,-523.59961 
2022-05-20,596.56055 
2022-05-23,-247.17969 
2022-05-24,-357.96094 
2022-05-25,59.16992 
2022-05-26,-55.07031 
2022-05-27,581.16016 
2022-05-30,426.57031 
2022-05-31,291.26953 
2022-06-01,-120.25977 
2022-06-02,-212.80859 
2022-06-06,571.76953 
2022-06-07,-122.23047 
2022-06-08,482.91992 
2022-06-09,-145.53906 
2022-06-10,-62.87109 
2022-06-13,-738.59961 
2022-06-14,0.41016 
2022-06-15,240.22070 
2022-06-16,-462.78125 
2022-06-17,229.57031 
2022-06-20,88.91016 
2022-06-21,395.67969 
2022-06-22,-551.25000 
2022-06-23,265.52930 
2022-06-24,445.19141 
2022-06-27,510.45898 
2022-06-28,189.45117 
2022-06-29,-422.08008 
2022-06-30,-137.10156 
2022-07-04,-29.43945 
2022-07-05,22.72070 
2022-07-06,-266.41016 
2022-07-07,56.91992 
2022-07-08,82.19922 
2022-07-11,-601.58008 
2022-07-12,-279.45899 
2022-07-13,-46.79102 
2022-07-14,-46.73828 
2022-07-15,-453.49024 
2022-07-18,548.45899 
2022-07-19,-185.11914 
2022-07-20,229.16016 
2022-07-21,-315.58984 
2022-07-22,34.50977 
2022-07-25,-46.20117 
2022-07-26,342.94141 
2022-07-27,-235.84180 
2022-07-28,-47.35938 
2022-07-29,-466.16992 
2022-08-01,9.33008 
2022-08-02,-476.62891 
2022-08-03,77.87891 
2022-08-04,406.94922 
2022-08-05,27.90039 
2022-08-08,-156.16992 
2022-08-09,-42.33008 
2022-08-10,-392.59961 
2022-08-11,471.58984 
2022-08-12,93.18945 
2022-08-15,-134.75977 
2022-08-16,-210.33984 
2022-08-17,91.92969 
2022-08-18,-158.53906 
2022-08-19,9.11914 
2022-08-22,-116.04883 
2022-08-23,-153.73047 
2022-08-24,-234.50977 
2022-08-25,699.64063 
2022-08-26,201.65820 
2022-08-29,-146.81836 
2022-08-30,-74.19141 
2022-08-31,5.36133 
2022-09-01,-357.08008 
2022-09-02,-145.22070 
2022-09-05,-226.39063 
2022-09-06,-22.96875 
2022-09-07,-158.42969 
2022-09-08,-189.68164 
2022-09-09,507.63086 
2022-09-13,-35.39063 
2022-09-14,-479.75977 
2022-09-15,83.28125 
2022-09-16,-168.69141 
2022-09-19,-195.71875 
2022-09-20,215.44922 
2022-09-21,-336.80078 
2022-09-22,-296.66992 
2022-09-23,-214.67969 
2022-09-26,-78.12891 
2022-09-27,5.16992 
2022-09-28,-609.42969 
2022-09-29,-85.01172 
2022-09-30,56.96094 
2022-10-03,-143.32031 
2022-10-05,1008.46094 
2022-10-06,-75.82031 
2022-10-07,-272.09961 
2022-10-10,-523.39063 
2022-10-11,-384.30078 
2022-10-12,-131.33008 
2022-10-13,-311.91992 
2022-10-14,198.58008 
2022-10-17,25.21094 
2022-10-18,301.67969 
2022-10-19,-403.30078 
2022-10-20,-231.05957 
2022-10-21,-69.09961 
2022-10-24,-1030.42969 
2022-10-25,-15.10059 
2022-10-26,152.08008 
2022-10-27,110.27051 
2022-10-28,-564.88086 
2022-10-31,-176.04004 
2022-11-01,768.25000 
2022-11-02,371.90039 
2022-11-03,-487.67969 
2022-11-04,821.64941 
2022-11-07,434.77051 
2022-11-08,-38.59961 
2022-11-09,-198.79102 
2022-11-10,-277.47949 
2022-11-11,1244.62012 
2022-11-14,294.05078 
2022-11-15,723.40820 
2022-11-16,-86.63867 
2022-11-17,-210.82031 
2022-11-18,-53.12109 
2022-11-21,-336.62891 
2022-11-22,-231.50000 
2022-11-23,99.40039 
2022-11-24,137.08984 
2022-11-25,-87.32031 
2022-11-28,-275.64063 
2022-11-29,906.74024 
2022-11-30,392.55078 
2022-12-01,139.20898 
2022-12-02,-61.08984 
2022-12-05,842.93945 
2022-12-06,-77.10938 
2022-12-07,-626.35938 
2022-12-08,635.41016 
2022-12-09,450.63867 
2022-12-12,-437.23828 
2022-12-13,132.56836 
2022-12-14,77.25000 
2022-12-15,-304.85938 
2022-12-16,82.08008 
2022-12-19,-97.85938 
2022-12-20,-258.00977 
2022-12-21,65.68945 
2022-12-22,518.73047 
2022-12-23,-86.16016 
2022-12-28,305.84961 
2022-12-29,-157.76953 